{
  "initial_proxy": 15.999998092651367,
  "final_proxy": 0.2241402566432953,
  "real_gain": 33.48140247926482,
  "success": false
}