{
  "initial_error": 0.8098112940788269,
  "final_error": 8.445138810486696e-09,
  "success": true
}