{
  "acc": [
    10.108333333333333
  ],
  "loss": [],
  "gating_events": 0,
  "metrics": [
    {
      "u_norm": 0.019682689059549556,
      "q_norm": Infinity,
      "p_norm": Infinity,
      "k_trend": 0.0
    }
  ]
}