{
  "initial_proxy": 15.999998092651367,
  "final_proxy": 0.7006845474243164,
  "real_gain": 678.7716174073664,
  "success": false,
  "rollback_count": 2,
  "stop_count": 0
}