{
  "config": {
    "dim_q": 2,
    "damping": 0.1,
    "mode": "offline",
    "steps": 200
  },
  "protocol_1_spectral_gap": {
    "max_gap": 0.0,
    "slowest_mode": -100.0,
    "fastest_mode": -100.0,
    "spectrum": [
      -100.0,
      -100.0,
      -100.0,
      -100.0,
      -100.0
    ]
  },
  "protocol_5_port_gain": 0.0999942272901535,
  "protocol_3_dmd": {
    "eigenvalues": [
      "(1.0051194+0.0091168415j)",
      "(1.0051194-0.0091168415j)"
    ],
    "slow_mode_count": 2,
    "rank": 2,
    "max_mag": 1.0051608085632324
  },
  "protocol_a3_consistency": {
    "metric": "H_val",
    "drift_mean": -0.0012502089217679585,
    "drift_std": 0.00042271040895935707,
    "status": "DISSIPATIVE",
    "final_val": 0.0585629940032959
  },
  "pass_gates": {
    "spectral_gap": false,
    "port_gain": true,
    "dmd_slow_mode": true,
    "consistency_dissipative": true
  }
}