{
  "e3_max_state": 56.63014602661133,
  "lyap_max": 1.6007534680822941,
  "spectral_entropy": 1.066055980542563,
  "peakiness": 85.27904849737982,
  "intervention_energy": 0.05301450937986374,
  "pred_mse": 5.301451206207275
}