{
  "cluster_summary": {
    "best_k": 3,
    "best_silhouette": 0.048064780572418295,
    "cluster_counts": [
      28,
      21,
      1
    ],
    "cluster_counts_full": [
      21,
      28,
      1
    ],
    "max_frac": 0.56,
    "top3_frac": 1.0,
    "labels": [
      1,
      0,
      0,
      1,
      0,
      0,
      1,
      1,
      0,
      0,
      0,
      1,
      1,
      1,
      1,
      1,
      1,
      1,
      0,
      1,
      2,
      1,
      0,
      1,
      0,
      1,
      1,
      1,
      1,
      0,
      1,
      1,
      0,
      0,
      0,
      0,
      0,
      1,
      0,
      1,
      0,
      1,
      1,
      1,
      1,
      1,
      1,
      0,
      0,
      0
    ]
  },
  "sil_anchor": 0.07166099685804711,
  "tree_dist_corr": 0.6332216061292901,
  "mean_tree_pair": 2.239183673469388,
  "labels_anchor": [
    11,
    12,
    4,
    1,
    4,
    4,
    1,
    5,
    3,
    3,
    12,
    1,
    5,
    4,
    5,
    5,
    5,
    8,
    12,
    1,
    10,
    1,
    4,
    10,
    12,
    8,
    2,
    11,
    5,
    4,
    1,
    1,
    4,
    11,
    12,
    3,
    4,
    1,
    3,
    1,
    3,
    5,
    1,
    1,
    7,
    5,
    6,
    3,
    3,
    12
  ],
  "mean_intra_anchor": 23.39255915390433,
  "mean_inter_anchor": 27.47267865857664,
  "deep_anchor_min_dist": 2.0233173138824783,
  "deep_anchor_mean_dist": 5.082637024019245,
  "layer_soft_stats": {
    "depth_responsibility": {
      "0": 29.67726925951916,
      "1": 2.2602752614144848,
      "2": 0.06247117033906789
    },
    "depth_share": {
      "0": 0.9274142096003087,
      "1": 0.07063356728387243,
      "2": 0.0019522231158188305
    },
    "max_depth": 2
  },
  "cluster_profiles": {
    "clusters": {
      "0": {
        "mean_depth": 1.6666666666666667,
        "frac_deepest": 0.6666666666666666,
        "anchor_entropy": 1.2353177280975793
      },
      "1": {
        "mean_depth": 1.5714285714285714,
        "frac_deepest": 0.5714285714285714,
        "anchor_entropy": 1.6970270438730415
      },
      "2": {
        "mean_depth": 2.0,
        "frac_deepest": 1.0,
        "anchor_entropy": -0.0
      }
    },
    "inter_tree_distance": {
      "0-1": 2.564625850340136,
      "0-2": 2.3333333333333335,
      "1-2": 3.2857142857142856
    }
  }
}