{
  "silhouette": 0.3691446123181653,
  "tree_dist_corr": 0.6905026371858607,
  "mean_tree_intra": 3.0192,
  "cluster_summary": {
    "best_k": 5,
    "best_silhouette": 0.3916706552119015,
    "cluster_counts": [
      13,
      13,
      9,
      9,
      6
    ],
    "max_frac": 0.26,
    "top3_frac": 0.7,
    "labels": [
      4,
      1,
      2,
      0,
      0,
      2,
      3,
      3,
      1,
      1,
      0,
      3,
      3,
      2,
      0,
      3,
      3,
      4,
      1,
      3,
      4,
      3,
      2,
      4,
      1,
      4,
      4,
      0,
      3,
      2,
      0,
      3,
      2,
      1,
      1,
      1,
      0,
      3,
      1,
      3,
      1,
      0,
      3,
      4,
      4,
      0,
      4,
      1,
      1,
      1
    ]
  },
  "cluster_profiles": {
    "clusters": {
      "0": {
        "mean_depth": 1.5555555555555556,
        "frac_deepest": 0.5555555555555556,
        "anchor_entropy": 1.7351264569629226
      },
      "1": {
        "mean_depth": 1.8461538461538463,
        "frac_deepest": 0.8461538461538461,
        "anchor_entropy": 1.951259504143956
      },
      "2": {
        "mean_depth": 1.3333333333333333,
        "frac_deepest": 0.5,
        "anchor_entropy": 1.7917594692280547
      },
      "3": {
        "mean_depth": 1.5384615384615385,
        "frac_deepest": 0.6153846153846154,
        "anchor_entropy": 2.1383972463477243
      },
      "4": {
        "mean_depth": 1.5555555555555556,
        "frac_deepest": 0.7777777777777778,
        "anchor_entropy": 1.7351264569629226
      }
    },
    "inter_tree_distance": {
      "0-1": 2.8376068376068377,
      "0-2": 2.2962962962962963,
      "0-3": 2.4786324786324787,
      "0-4": 2.3950617283950617,
      "1-2": 2.4871794871794872,
      "1-3": 2.6745562130177514,
      "1-4": 2.8205128205128207,
      "2-3": 2.3076923076923075,
      "2-4": 2.4074074074074074,
      "3-4": 2.5641025641025643
    }
  }
}