{
  "cluster_summary": {
    "best_k": 2,
    "best_silhouette": 0.03242313507107736,
    "cluster_counts": [
      49,
      1
    ],
    "cluster_counts_full": [
      49,
      1
    ],
    "max_frac": 0.98,
    "top3_frac": 1.0,
    "labels": [
      0,
      0,
      0,
      0,
      0,
      0,
      0,
      0,
      0,
      0,
      0,
      0,
      0,
      0,
      0,
      0,
      0,
      0,
      0,
      0,
      0,
      0,
      0,
      0,
      0,
      0,
      0,
      0,
      0,
      0,
      0,
      0,
      0,
      0,
      0,
      0,
      0,
      0,
      0,
      0,
      0,
      0,
      0,
      0,
      0,
      1,
      0,
      0,
      0,
      0
    ]
  },
  "sil_anchor": 0.07916433761387193,
  "tree_dist_corr": 0.6426247477959639,
  "mean_tree_pair": 2.3118367346938777,
  "labels_anchor": [
    3,
    11,
    9,
    4,
    10,
    9,
    4,
    1,
    3,
    3,
    11,
    5,
    1,
    9,
    1,
    1,
    1,
    12,
    11,
    4,
    3,
    4,
    10,
    3,
    11,
    12,
    12,
    3,
    5,
    9,
    5,
    4,
    10,
    3,
    11,
    3,
    10,
    4,
    3,
    5,
    3,
    2,
    4,
    12,
    12,
    6,
    12,
    3,
    3,
    11
  ],
  "mean_intra_anchor": 23.42018882352208,
  "mean_inter_anchor": 27.549195838434407,
  "deep_anchor_min_dist": 2.0233173138824783,
  "deep_anchor_mean_dist": 5.082637024019245,
  "layer_soft_stats": {
    "depth_responsibility": {
      "0": 19.40981442413107,
      "1": 0.495843411285565,
      "2": 0.09437055940124149
    },
    "depth_share": {
      "0": 0.9704893433631456,
      "1": 0.024792135365869824,
      "2": 0.004718521270984467
    },
    "max_depth": 2
  },
  "cluster_profiles": {
    "clusters": {
      "0": {
        "mean_depth": 1.6326530612244898,
        "frac_deepest": 0.6326530612244898,
        "anchor_entropy": 2.062757311025136
      },
      "1": {
        "mean_depth": 2.0,
        "frac_deepest": 1.0,
        "anchor_entropy": -0.0
      }
    },
    "inter_tree_distance": {
      "0-1": 2.979591836734694
    }
  }
}